"Access","Start Time (YYYY:MM:DD)","Stop Time (YYYY:MM:DD)","Duration (sec)"
1,2017:03:01:12:49:28.996,2017:03:01:17:27:42.642,16693.646
2,2017:03:01:20:20:27.035,2017:03:02:00:54:24.772,16437.737
3,2017:03:02:03:51:58.934,2017:03:02:08:20:56.980,16138.047
4,2017:03:02:11:24:05.379,2017:03:02:15:47:21.048,15795.669
5,2017:03:02:18:56:49.525,2017:03:02:23:13:34.703,15405.178
6,2017:03:03:02:30:12.946,2017:03:03:06:39:42.205,14969.259
7,2017:03:03:10:04:16.544,2017:03:03:14:05:41.807,14485.263
8,2017:03:03:17:39:00.080,2017:03:03:21:31:33.658,13953.578
9,2017:03:04:01:14:22.596,2017:03:04:04:57:21.006,13378.409
10,2017:03:04:08:50:23.845,2017:03:04:12:23:02.051,12758.206
11,2017:03:04:16:27:00.966,2017:03:04:19:48:37.134,12096.168
12,2017:03:05:00:04:07.574,2017:03:05:03:14:07.408,11399.834
13,2017:03:05:07:41:38.723,2017:03:05:10:39:34.100,10675.377
14,2017:03:05:15:19:27.920,2017:03:05:18:04:55.919,9927.998
15,2017:03:05:22:57:26.011,2017:03:06:01:30:12.631,9166.620
16,2017:03:06:06:35:24.985,2017:03:06:08:55:26.272,8401.287
17,2017:03:06:14:13:13.505,2017:03:06:16:20:36.203,7642.698
18,2017:03:06:21:50:43.246,2017:03:06:23:45:42.915,6899.669
19,2017:03:07:05:27:46.107,2017:03:07:07:10:45.737,6179.630
20,2017:03:07:13:04:14.943,2017:03:07:14:35:44.950,5490.006
21,2017:03:07:20:40:04.146,2017:03:07:22:00:39.330,4835.184
22,2017:03:08:04:15:11.164,2017:03:08:05:25:30.915,4219.750
23,2017:03:08:11:49:31.778,2017:03:08:12:50:18.272,3646.494
24,2017:03:08:19:23:08.602,2017:03:08:20:15:00.826,3112.224
25,2017:03:09:02:56:02.676,2017:03:09:03:39:36.922,2614.245
26,2017:03:09:10:28:16.955,2017:03:09:11:04:05.885,2148.930
27,2017:03:09:17:59:58.301,2017:03:09:18:28:23.803,1705.502
28,2017:03:10:01:31:17.868,2017:03:10:01:52:24.788,1266.920
29,2017:03:10:09:02:40.092,2017:03:10:09:15:46.101,786.009
30,2017:03:16:13:51:57.701,2017:03:16:13:59:24.422,446.721
31,2017:03:16:21:14:22.206,2017:03:16:21:31:25.755,1023.550
32,2017:03:17:04:38:06.601,2017:03:17:05:02:41.486,1474.885
33,2017:03:17:12:02:15.890,2017:03:17:12:34:09.933,1914.043
34,2017:03:17:19:26:40.189,2017:03:17:20:06:07.352,2367.164
35,2017:03:18:02:51:12.716,2017:03:18:03:38:40.470,2847.753
36,2017:03:18:10:15:52.184,2017:03:18:11:11:54.915,3362.731
37,2017:03:18:17:40:36.955,2017:03:18:18:45:52.707,3915.753
38,2017:03:19:01:05:26.364,2017:03:19:02:20:36.846,4510.482
39,2017:03:19:08:30:19.792,2017:03:19:09:56:04.349,5144.557
40,2017:03:19:15:55:16.166,2017:03:19:17:32:13.813,5817.647
41,2017:03:19:23:20:16.864,2017:03:20:01:09:00.524,6523.660
42,2017:03:20:06:45:21.399,2017:03:20:08:46:17.963,7256.564
43,2017:03:20:14:10:29.906,2017:03:20:16:23:58.344,8008.438
44,2017:03:20:21:35:41.604,2017:03:21:00:01:54.053,8772.449
45,2017:03:21:05:00:56.895,2017:03:21:07:39:53.642,9536.748
46,2017:03:21:12:26:15.718,2017:03:21:15:17:48.833,10293.116
47,2017:03:21:19:51:39.575,2017:03:21:22:55:30.972,11031.397
48,2017:03:22:03:17:08.450,2017:03:22:06:32:51.199,11742.749
49,2017:03:22:10:42:41.026,2017:03:22:14:09:43.783,12422.757
50,2017:03:22:18:08:18.594,2017:03:22:21:46:04.048,13065.454
51,2017:03:23:01:34:02.300,2017:03:23:05:21:47.174,13664.874
52,2017:03:23:08:59:52.518,2017:03:23:12:56:51.381,14218.863
53,2017:03:23:16:25:47.474,2017:03:23:20:31:15.896,14728.421
54,2017:03:23:23:51:50.443,2017:03:24:04:04:59.594,15189.151
55,2017:03:24:07:18:01.551,2017:03:24:11:38:02.758,15601.207
56,2017:03:24:14:44:19.211,2017:03:24:19:10:29.496,15970.285
57,2017:03:24:22:10:47.573,2017:03:25:02:42:18.828,16291.255
58,2017:03:25:05:37:24.188,2017:03:25:10:13:33.204,16569.016
59,2017:03:25:13:04:11.764,2017:03:25:17:44:15.392,16803.628
60,2017:03:25:20:31:11.392,2017:03:26:01:14:27.680,16996.289
61,2017:03:26:03:58:24.090,2017:03:26:08:44:12.482,17148.392
62,2017:03:26:11:25:49.157,2017:03:26:16:13:31.859,17262.702
63,2017:03:26:18:53:31.273,2017:03:26:23:42:27.892,17336.619
64,2017:03:27:02:21:28.299,2017:03:27:07:11:01.745,17373.447
65,2017:03:27:09:49:44.333,2017:03:27:14:39:15.037,17370.704
66,2017:03:27:17:18:20.864,2017:03:27:22:07:11.744,17330.880
67,2017:03:28:00:47:18.967,2017:03:28:05:34:51.530,17252.562
68,2017:03:28:08:16:40.574,2017:03:28:13:02:15.502,17134.928
69,2017:03:28:15:46:27.944,2017:03:28:20:29:26.795,16978.851
70,2017:03:28:23:16:43.318,2017:03:29:03:56:24.277,16780.959
71,2017:03:29:06:47:28.883,2017:03:29:11:23:11.578,16542.696
72,2017:03:29:14:18:47.331,2017:03:29:18:49:47.031,16259.700
73,2017:03:29:21:50:39.460,2017:03:30:02:16:13.359,15933.899
74,2017:03:30:05:23:10.040,2017:03:30:09:42:31.916,15561.876
75,2017:03:30:12:56:17.116,2017:03:30:17:08:40.523,15143.407
76,2017:03:30:20:30:05.385,2017:03:31:00:34:43.350,14677.965
77,2017:03:31:04:04:33.620,2017:03:31:08:00:38.675,14165.055
78,2017:03:31:11:39:41.042,2017:03:31:15:26:26.609,13605.567
79,2017:03:31:19:15:28.076,2017:03:31:22:52:09.541,13001.465
80,2017:04:01:02:51:52.411,2017:04:01:06:17:47.843,12355.431
81,2017:04:01:10:28:48.209,2017:04:01:13:43:20.204,11671.996
82,2017:04:01:18:06:11.037,2017:04:01:21:08:47.097,10956.059
83,2017:04:02:01:43:54.525,2017:04:02:04:34:10.344,10215.820
84,2017:04:02:09:21:50.757,2017:04:02:11:59:30.070,9459.314
85,2017:04:02:16:59:51.310,2017:04:02:19:24:45.263,8693.953
86,2017:04:03:00:37:45.223,2017:04:03:02:49:55.826,7930.604
87,2017:04:03:08:15:23.716,2017:04:03:10:15:03.143,7179.427
88,2017:04:03:15:52:38.375,2017:04:03:17:40:07.115,6448.740
89,2017:04:03:23:29:21.596,2017:04:04:01:05:07.784,5746.189
90,2017:04:04:07:05:27.108,2017:04:04:08:30:04.644,5077.536
91,2017:04:04:14:40:51.466,2017:04:04:15:54:57.694,4446.228
92,2017:04:04:22:15:29.680,2017:04:04:23:19:45.605,3855.925
93,2017:04:05:05:49:24.630,2017:04:05:06:44:29.698,3305.068
94,2017:04:05:13:22:34.476,2017:04:05:14:09:08.543,2794.066
95,2017:04:05:20:55:04.582,2017:04:05:21:33:40.690,2316.108
96,2017:04:06:04:26:57.739,2017:04:06:04:58:03.112,1865.373
97,2017:04:06:11:58:25.741,2017:04:06:12:22:09.752,1424.011
98,2017:04:06:19:29:42.316,2017:04:06:19:45:48.884,966.568
99,2017:04:07:03:02:10.753,2017:04:07:03:07:43.290,332.537
100,2017:04:13:07:44:28.522,2017:04:13:07:58:27.492,838.969
101,2017:04:13:15:07:54.906,2017:04:13:15:29:47.392,1312.486
102,2017:04:13:22:31:57.798,2017:04:13:23:01:10.249,1752.451
103,2017:04:14:05:56:17.244,2017:04:14:06:32:56.079,2198.835
104,2017:04:14:13:20:45.988,2017:04:14:14:05:15.073,2669.086
105,2017:04:14:20:45:23.259,2017:04:14:21:38:13.966,3170.706
106,2017:04:15:04:10:06.329,2017:04:15:05:11:57.045,3710.716
107,2017:04:15:11:34:54.077,2017:04:15:12:46:24.070,4289.993
108,2017:04:15:18:59:45.818,2017:04:15:20:21:35.602,4909.784
109,2017:04:16:02:24:41.558,2017:04:16:03:57:30.166,5568.608
110,2017:04:16:09:49:40.959,2017:04:16:11:34:03.852,6262.893
111,2017:04:16:17:14:42.964,2017:04:16:19:11:10.752,6987.788
112,2017:04:17:00:39:49.635,2017:04:17:02:48:43.500,7733.865
113,2017:04:17:08:04:59.984,2017:04:17:10:26:33.903,8493.919
114,2017:04:17:15:30:14.526,2017:04:17:18:04:33.410,9258.884
115,2017:04:17:22:55:32.446,2017:04:18:01:42:30.905,10018.459
116,2017:04:18:06:20:53.545,2017:04:18:09:20:18.547,10765.003
117,2017:04:18:13:46:20.073,2017:04:18:16:57:47.145,11487.073
118,2017:04:18:21:11:51.883,2017:04:19:00:34:50.193,12178.310
119,2017:04:19:04:37:27.877,2017:04:19:08:11:22.661,12834.784
120,2017:04:19:12:03:08.365,2017:04:19:15:47:19.253,13450.887
121,2017:04:19:19:28:55.625,2017:04:19:23:22:37.590,14021.965
122,2017:04:20:02:54:49.718,2017:04:20:06:57:16.053,14546.335
123,2017:04:20:10:20:48.831,2017:04:20:14:31:14.936,15026.105
124,2017:04:20:17:46:56.310,2017:04:20:22:04:32.331,15456.021
125,2017:04:21:01:13:12.373,2017:04:21:05:37:12.758,15840.385
126,2017:04:21:08:39:35.359,2017:04:21:13:09:14.621,16179.263
127,2017:04:21:16:06:09.558,2017:04:21:20:40:41.649,16472.091
128,2017:04:21:23:32:52.180,2017:04:22:04:11:36.271,16724.091
129,2017:04:22:06:59:47.889,2017:04:22:11:41:59.473,16931.583
130,2017:04:22:14:26:53.983,2017:04:22:19:11:54.060,17100.076
131,2017:04:22:21:54:15.373,2017:04:23:02:41:21.425,17226.052
132,2017:04:23:05:21:49.598,2017:04:23:10:10:25.407,17315.810
133,2017:04:23:12:49:41.301,2017:04:23:17:39:07.150,17365.849
134,2017:04:23:20:17:50.549,2017:04:24:01:07:29.012,17378.463
135,2017:04:24:03:46:17.725,2017:04:24:08:35:30.632,17352.907
136,2017:04:24:11:15:06.825,2017:04:24:16:03:16.123,17289.297
137,2017:04:24:18:44:19.449,2017:04:24:23:30:46.913,17187.464
138,2017:04:25:02:13:56.671,2017:04:25:06:58:01.761,17045.090
139,2017:04:25:09:44:01.396,2017:04:25:14:25:05.274,16863.877
140,2017:04:25:17:14:34.173,2017:04:25:21:51:55.219,16641.045
141,2017:04:26:00:45:39.547,2017:04:26:05:18:35.934,16376.387
142,2017:04:26:08:17:18.849,2017:04:26:12:45:05.125,16066.277
143,2017:04:26:15:49:34.673,2017:04:26:20:11:25.881,15711.208
144,2017:04:26:23:22:27.168,2017:04:27:03:37:39.235,15312.067
145,2017:04:27:06:56:00.127,2017:04:27:11:03:43.132,14863.004
146,2017:04:27:14:30:12.849,2017:04:27:18:29:41.478,14368.630
147,2017:04:27:22:05:05.029,2017:04:28:01:55:32.741,13827.712
148,2017:04:28:05:40:37.493,2017:04:28:09:21:17.225,13239.732
149,2017:04:28:13:16:48.456,2017:04:28:16:46:56.387,12607.931
150,2017:04:28:20:53:32.635,2017:04:29:00:12:31.380,11938.745
151,2017:04:29:04:30:46.164,2017:04:29:07:38:00.904,11234.740
152,2017:04:29:12:08:22.812,2017:04:29:15:03:24.949,10502.138
153,2017:04:29:19:46:15.840,2017:04:29:22:28:45.369,9749.529
154,2017:04:30:03:24:15.729,2017:04:30:05:54:02.436,8986.708
155,2017:04:30:11:02:14.487,2017:04:30:13:19:15.179,8220.692
156,2017:04:30:18:40:00.573,2017:04:30:20:44:24.164,7463.591
157,2017:05:01:02:17:25.942,2017:05:01:04:09:28.442,6722.500
158,2017:05:01:09:54:22.651,2017:05:01:11:34:30.105,6007.454
159,2017:05:01:17:30:43.845,2017:05:01:18:59:28.140,5324.295
160,2017:05:02:01:06:24.331,2017:05:02:02:24:22.468,4678.137
161,2017:05:02:08:41:21.126,2017:05:02:09:49:12.879,4071.753
162,2017:05:02:16:15:33.386,2017:05:02:17:13:58.920,3505.535
163,2017:05:02:23:49:00.560,2017:05:03:00:38:38.679,2978.119
164,2017:05:03:07:21:45.572,2017:05:03:08:03:13.084,2487.512
165,2017:05:03:14:53:53.439,2017:05:03:15:27:39.276,2025.836
166,2017:05:03:22:25:30.432,2017:05:03:22:51:53.206,1582.774
167,2017:05:04:05:56:49.230,2017:05:04:06:15:44.504,1135.274
168,2017:05:04:13:28:29.256,2017:05:04:13:38:39.287,610.031
169,2017:05:10:18:14:50.300,2017:05:10:18:25:17.830,627.530
170,2017:05:11:01:37:48.997,2017:05:11:01:56:54.558,1145.561
171,2017:05:11:09:01:40.547,2017:05:11:09:28:12.925,1592.378
172,2017:05:11:16:25:54.535,2017:05:11:16:59:48.074,2033.539
173,2017:05:11:23:50:21.081,2017:05:12:00:31:55.326,2494.245
174,2017:05:12:07:14:55.723,2017:05:12:08:04:39.123,2983.400
175,2017:05:12:14:39:36.124,2017:05:12:15:38:05.768,3509.644
176,2017:05:12:22:04:21.394,2017:05:12:23:12:15.644,4074.250
177,2017:05:13:05:29:11.819,2017:05:13:06:47:11.884,4680.065
178,2017:05:13:12:54:06.187,2017:05:13:14:22:50.929,5324.742
179,2017:05:13:20:19:04.366,2017:05:13:21:59:10.710,6006.344
180,2017:05:14:03:44:05.954,2017:05:14:05:36:05.998,6720.045
181,2017:05:14:11:09:10.964,2017:05:14:13:13:29.908,7458.944
182,2017:05:14:18:34:18.938,2017:05:14:20:51:14.429,8215.491
183,2017:05:15:01:59:31.553,2017:05:15:04:29:11.758,8980.205
184,2017:05:15:09:24:48.590,2017:05:15:12:07:10.318,9741.728
185,2017:05:15:16:50:08.990,2017:05:15:19:45:02.142,10493.152
186,2017:05:16:00:15:33.359,2017:05:16:03:22:38.314,11224.955
187,2017:05:16:07:41:01.966,2017:05:16:10:59:51.031,11929.065
188,2017:05:16:15:06:36.140,2017:05:16:18:36:34.619,12598.478
189,2017:05:16:22:32:16.079,2017:05:17:02:12:44.808,13228.729
190,2017:05:17:05:58:00.474,2017:05:17:09:48:17.147,13816.673
191,2017:05:17:13:23:50.914,2017:05:17:17:23:10.300,14359.387
192,2017:05:17:20:49:49.076,2017:05:18:00:57:23.093,14854.017
193,2017:05:18:04:15:52.564,2017:05:18:08:30:56.320,15303.756
194,2017:05:18:11:42:04.773,2017:05:18:16:03:49.751,15704.977
195,2017:05:18:19:08:26.069,2017:05:18:23:36:05.015,16058.946
196,2017:05:19:02:34:54.647,2017:05:19:07:07:45.337,16370.690
197,2017:05:19:10:01:35.003,2017:05:19:14:38:51.285,16636.282
198,2017:05:19:17:28:24.352,2017:05:19:22:09:24.693,16860.340
199,2017:05:20:00:55:27.412,2017:05:20:05:39:29.646,17042.234
200,2017:05:20:08:22:41.566,2017:05:20:13:09:08.102,17186.535
201,2017:05:20:15:50:11.723,2017:05:20:20:38:20.709,17288.986
202,2017:05:20:23:17:55.669,2017:05:21:04:07:10.295,17354.626
203,2017:05:21:06:45:57.579,2017:05:21:11:35:38.090,17380.511
204,2017:05:21:14:14:18.555,2017:05:21:19:03:47.932,17369.377
205,2017:05:21:21:42:59.475,2017:05:22:02:31:39.752,17320.277
206,2017:05:22:05:12:01.555,2017:05:22:09:59:14.564,17233.009
207,2017:05:22:12:41:28.735,2017:05:22:17:26:36.141,17107.405
208,2017:05:22:20:11:22.278,2017:05:23:00:53:42.612,16940.334
209,2017:05:23:03:41:44.385,2017:05:23:08:20:38.604,16734.220
210,2017:05:23:11:12:37.307,2017:05:23:15:47:21.544,16484.237
211,2017:05:23:18:44:03.762,2017:05:23:23:13:55.971,16192.209
212,2017:05:24:02:16:04.684,2017:05:24:06:40:19.495,15854.811
213,2017:05:24:09:48:42.795,2017:05:24:14:06:34.772,15471.978
214,2017:05:24:17:22:00.077,2017:05:24:21:32:43.203,15043.125
215,2017:05:25:00:55:57.813,2017:05:25:04:58:42.826,14565.013
216,2017:05:25:08:30:34.690,2017:05:25:12:24:36.059,14041.370
217,2017:05:25:16:05:52.313,2017:05:25:19:50:24.158,13471.844
218,2017:05:25:23:41:49.408,2017:05:26:03:16:05.004,12855.596
219,2017:05:26:07:18:21.273,2017:05:26:10:41:40.956,12199.682
220,2017:05:26:14:55:24.626,2017:05:26:18:07:12.787,11508.162
221,2017:05:26:22:32:53.692,2017:05:27:01:32:39.409,10785.717
222,2017:05:27:06:10:41.876,2017:05:27:08:58:01.049,10039.173
223,2017:05:27:13:48:40.800,2017:05:27:16:23:18.601,9277.801
224,2017:05:27:21:26:42.041,2017:05:27:23:48:32.633,8510.591
225,2017:05:28:05:04:34.472,2017:05:28:07:13:43.396,7748.924
226,2017:05:28:12:42:09.402,2017:05:28:14:38:50.096,7000.694
227,2017:05:28:20:19:18.610,2017:05:28:22:03:52.564,6273.954
228,2017:05:29:03:55:54.734,2017:05:29:05:28:51.462,5576.727
229,2017:05:29:11:31:51.878,2017:05:29:12:53:47.098,4915.219
230,2017:05:29:19:07:07.116,2017:05:29:20:18:38.849,4291.734
231,2017:05:30:02:41:35.923,2017:05:30:03:43:26.389,3710.466
232,2017:05:30:10:15:20.961,2017:05:30:11:08:08.499,3167.538
233,2017:05:30:17:48:22.401,2017:05:30:18:32:45.402,2663.001
234,2017:05:31:01:20:43.618,2017:05:31:01:57:14.866,2191.249
235,2017:05:31:08:52:31.488,2017:05:31:09:21:32.611,1741.123
236,2017:05:31:16:23:57.043,2017:05:31:16:45:33.342,1296.299
237,2017:05:31:23:55:22.455,2017:06:01:00:08:56.669,814.214
238,2017:06:07:04:45:51.397,2017:06:07:04:51:33.603,342.206
239,2017:06:07:12:07:47.841,2017:06:07:12:24:00.103,972.262
240,2017:06:07:19:31:26.913,2017:06:07:19:55:17.461,1430.549
241,2017:06:08:02:55:34.255,2017:06:08:03:26:45.309,1871.054
242,2017:06:08:10:19:56.545,2017:06:08:10:58:39.831,2323.285
243,2017:06:08:17:44:27.644,2017:06:08:18:31:09.687,2802.043
244,2017:06:09:01:09:06.317,2017:06:09:02:04:20.197,3313.880
245,2017:06:09:08:33:50.428,2017:06:09:09:38:13.821,3863.393
246,2017:06:09:15:58:39.086,2017:06:09:17:12:53.528,4454.441
247,2017:06:09:23:23:31.111,2017:06:10:00:48:16.506,5085.395
248,2017:06:10:06:48:27.412,2017:06:10:08:24:21.597,5754.186
249,2017:06:10:14:13:27.731,2017:06:10:16:01:04.291,6456.560
250,2017:06:10:21:38:31.945,2017:06:10:23:38:18.229,7186.284
251,2017:06:11:05:03:39.301,2017:06:11:07:15:55.746,7936.445
252,2017:06:11:12:28:50.126,2017:06:11:14:53:48.370,8698.243
253,2017:06:11:19:54:04.201,2017:06:11:22:31:47.683,9463.482
254,2017:06:12:03:19:23.109,2017:06:12:06:09:42.454,10219.345
255,2017:06:12:10:44:46.777,2017:06:12:13:47:25.134,10958.357
256,2017:06:12:18:10:14.173,2017:06:12:21:24:46.713,11672.540
257,2017:06:13:01:35:45.330,2017:06:13:05:01:41.224,12355.894
258,2017:06:13:09:01:22.596,2017:06:13:12:38:03.981,13001.385
259,2017:06:13:16:27:05.961,2017:06:13:20:13:50.092,13604.131
260,2017:06:13:23:52:54.006,2017:06:14:03:48:57.614,14163.608
261,2017:06:14:07:18:48.252,2017:06:14:11:23:25.466,14677.214
262,2017:06:14:14:44:50.707,2017:06:14:18:57:12.876,15142.169
263,2017:06:14:22:10:59.716,2017:06:15:02:30:19.654,15559.938
264,2017:06:15:05:37:15.958,2017:06:15:10:02:49.972,15934.014
265,2017:06:15:13:03:42.697,2017:06:15:17:34:42.778,16260.081
266,2017:06:15:20:30:17.243,2017:06:16:01:06:00.192,16542.949
267,2017:06:16:03:57:04.105,2017:06:16:08:36:45.716,16781.611
268,2017:06:16:11:24:00.549,2017:06:16:16:07:01.571,16981.023
269,2017:06:16:18:51:11.378,2017:06:16:23:36:49.099,17137.721
270,2017:06:17:02:18:34.043,2017:06:17:07:06:10.683,17256.640
271,2017:06:17:09:46:13.356,2017:06:17:14:35:09.294,17335.938
272,2017:06:17:17:14:07.680,2017:06:17:22:03:45.441,17377.761
273,2017:06:18:00:42:20.577,2017:06:18:05:32:00.802,17380.225
274,2017:06:18:08:10:53.949,2017:06:18:12:59:59.216,17345.267
275,2017:06:18:15:39:48.069,2017:06:18:20:27:41.109,17273.040
276,2017:06:18:23:09:05.717,2017:06:19:03:55:06.450,17160.732
277,2017:06:19:06:38:48.786,2017:06:19:11:22:19.580,17010.793
278,2017:06:19:14:08:59.531,2017:06:19:18:49:18.245,16818.714
279,2017:06:19:21:39:40.160,2017:06:20:02:16:07.088,16586.928
280,2017:06:20:05:10:53.055,2017:06:20:09:42:43.654,16310.598
281,2017:06:20:12:42:39.949,2017:06:20:17:09:11.930,15991.981
282,2017:06:20:20:15:04.348,2017:06:21:00:35:30.508,15626.160
283,2017:06:21:03:48:06.622,2017:06:21:08:01:40.245,15213.622
284,2017:06:21:11:21:48.512,2017:06:21:15:27:43.987,14755.475
285,2017:06:21:18:56:10.019,2017:06:21:22:53:39.687,14249.668
286,2017:06:22:02:31:12.603,2017:06:22:06:19:28.681,13696.078
287,2017:06:22:10:06:55.314,2017:06:22:13:45:13.045,13097.731
288,2017:06:22:17:43:14.276,2017:06:22:21:10:51.298,12457.022
289,2017:06:23:01:20:06.696,2017:06:23:04:36:23.569,11776.873
290,2017:06:23:08:57:27.264,2017:06:23:12:01:51.576,11064.312
291,2017:06:23:16:35:09.422,2017:06:23:19:27:15.947,10326.525
292,2017:06:24:00:13:06.022,2017:06:24:02:52:35.562,9569.540
293,2017:06:24:07:51:07.556,2017:06:24:10:17:50.458,8802.902
294,2017:06:24:15:29:05.817,2017:06:24:17:43:01.731,8035.915
295,2017:06:24:23:06:49.253,2017:06:25:01:08:09.642,7280.389
296,2017:06:25:06:44:09.896,2017:06:25:08:33:14.284,6544.388
297,2017:06:25:14:21:00.083,2017:06:25:15:58:15.053,5834.970
298,2017:06:25:21:57:13.315,2017:06:25:23:23:12.150,5158.834
299,2017:06:26:05:32:45.846,2017:06:26:06:48:04.408,4518.561
300,2017:06:26:13:07:32.331,2017:06:26:14:12:53.299,3920.968
301,2017:06:26:20:41:34.673,2017:06:26:21:37:37.750,3363.077
302,2017:06:27:04:14:52.760,2017:06:27:05:02:16.814,2844.053
303,2017:06:27:11:47:29.387,2017:06:27:12:26:49.105,2359.718
304,2017:06:27:19:19:29.644,2017:06:27:19:51:11.030,1901.386
305,2017:06:28:02:51:03.243,2017:06:28:03:15:18.999,1455.756
306,2017:06:28:10:22:24.210,2017:06:28:10:38:58.942,994.732
307,2017:06:28:17:54:48.032,2017:06:28:18:01:02.235,374.202
308,2017:07:04:22:37:55.320,2017:07:04:22:51:01.516,786.196
309,2017:07:05:06:01:15.157,2017:07:05:06:22:24.882,1269.725
310,2017:07:05:13:25:15.120,2017:07:05:13:53:46.774,1711.654
311,2017:07:05:20:49:32.223,2017:07:05:21:25:30.077,2157.853
312,2017:07:06:04:14:00.464,2017:07:06:04:57:45.594,2625.130
313,2017:07:06:11:38:36.878,2017:07:06:12:30:40.563,3123.685
314,2017:07:06:19:03:19.099,2017:07:06:20:04:18.037,3658.938
315,2017:07:07:02:28:06.038,2017:07:07:03:38:41.033,4234.995
316,2017:07:07:09:52:57.021,2017:07:07:11:13:47.495,4850.475
317,2017:07:07:17:17:52.134,2017:07:07:18:49:37.170,5505.035
318,2017:07:08:00:42:50.608,2017:07:08:02:26:06.328,6195.720
319,2017:07:08:08:07:52.304,2017:07:08:10:03:09.195,6916.891
320,2017:07:08:15:32:58.375,2017:07:08:17:40:38.507,7660.133
321,2017:07:08:22:58:08.046,2017:07:09:01:18:26.023,8417.977
322,2017:07:09:06:23:21.883,2017:07:09:08:56:23.793,9181.909
323,2017:07:09:13:48:38.829,2017:07:09:16:34:20.305,9941.476
324,2017:07:09:21:13:59.456,2017:07:10:00:12:07.753,10688.297
325,2017:07:10:04:39:25.201,2017:07:10:07:49:37.821,11412.620
326,2017:07:10:12:04:56.139,2017:07:10:15:26:42.468,12106.329
327,2017:07:10:19:30:31.046,2017:07:10:23:03:16.709,12765.663
328,2017:07:11:02:56:10.762,2017:07:11:06:39:16.683,13385.921
329,2017:07:11:10:21:56.981,2017:07:11:14:14:37.952,13960.971
330,2017:07:11:17:47:49.937,2017:07:11:21:49:20.484,14490.547
331,2017:07:12:01:13:47.842,2017:07:12:05:23:22.950,14975.108
332,2017:07:12:08:39:54.015,2017:07:12:12:56:44.361,15410.347
333,2017:07:12:16:06:08.575,2017:07:12:20:29:28.394,15799.820
334,2017:07:12:23:32:30.097,2017:07:13:04:01:34.156,16144.059
335,2017:07:13:06:59:02.615,2017:07:13:11:33:04.690,16442.075
336,2017:07:13:14:25:43.417,2017:07:13:19:04:02.021,16698.604
337,2017:07:13:21:52:37.143,2017:07:14:02:34:29.145,16912.002
338,2017:07:14:05:19:41.080,2017:07:14:10:04:26.811,17085.730
339,2017:07:14:12:47:00.121,2017:07:14:17:33:57.087,17216.966
340,2017:07:14:20:14:31.783,2017:07:15:01:03:03.787,17312.004
341,2017:07:15:03:42:20.779,2017:07:15:08:31:48.122,17367.342
342,2017:07:15:11:10:26.922,2017:07:15:16:00:12.164,17385.241
343,2017:07:15:18:38:50.797,2017:07:15:23:28:15.934,17365.137
344,2017:07:16:02:07:36.931,2017:07:16:06:56:03.436,17306.505
345,2017:07:16:09:36:45.212,2017:07:16:14:23:36.034,17210.822
346,2017:07:16:17:06:18.503,2017:07:16:21:50:52.559,17074.056
347,2017:07:17:00:36:18.292,2017:07:17:05:17:57.645,16899.353
348,2017:07:17:08:06:47.347,2017:07:17:12:44:48.983,16681.636
349,2017:07:17:15:37:47.365,2017:07:17:20:11:31.066,16423.701
350,2017:07:17:23:09:20.623,2017:07:18:03:38:01.805,16121.182
351,2017:07:18:06:41:31.237,2017:07:18:11:04:23.342,15772.105
352,2017:07:18:14:14:17.651,2017:07:18:18:30:37.739,15380.088
353,2017:07:18:21:47:44.946,2017:07:19:01:56:42.472,14937.526
354,2017:07:19:05:21:51.089,2017:07:19:09:22:41.812,14450.724
355,2017:07:19:12:56:39.436,2017:07:19:16:48:33.884,13914.448
356,2017:07:19:20:32:06.364,2017:07:20:00:14:18.930,13332.566
357,2017:07:20:04:08:11.854,2017:07:20:07:39:58.941,12707.087
358,2017:07:20:11:44:52.610,2017:07:20:15:05:34.590,12041.981
359,2017:07:20:19:22:03.798,2017:07:20:22:31:04.679,11340.881
360,2017:07:21:02:59:39.264,2017:07:21:05:56:29.102,10609.838
361,2017:07:21:10:37:31.810,2017:07:21:13:21:50.155,9858.345
362,2017:07:21:18:15:33.406,2017:07:21:20:47:07.703,9094.297
363,2017:07:22:01:53:35.114,2017:07:22:04:12:20.869,8325.755
364,2017:07:22:09:31:25.942,2017:07:22:11:37:29.513,7563.571
365,2017:07:22:17:08:56.959,2017:07:22:19:02:34.818,6817.860
366,2017:07:23:00:46:00.298,2017:07:23:02:27:36.799,6096.501
367,2017:07:23:08:22:28.938,2017:07:23:09:52:35.226,5406.288
368,2017:07:23:15:58:17.460,2017:07:23:17:17:29.810,4752.349
369,2017:07:23:23:33:22.530,2017:07:24:00:42:20.497,4137.967
370,2017:07:24:07:07:43.036,2017:07:24:08:07:06.714,3563.677
371,2017:07:24:14:41:17.554,2017:07:24:15:31:46.638,3029.084
372,2017:07:24:22:14:09.814,2017:07:24:22:56:21.296,2531.481
373,2017:07:25:05:46:24.314,2017:07:25:06:20:47.810,2063.496
374,2017:07:25:13:18:06.904,2017:07:25:13:45:01.967,1615.062
375,2017:07:25:20:49:30.526,2017:07:25:21:08:54.011,1163.485
376,2017:07:26:04:21:12.341,2017:07:26:04:31:51.889,639.548
377,2017:08:01:09:08:20.937,2017:08:01:09:17:49.367,568.429
378,2017:08:01:16:31:08.595,2017:08:01:16:49:33.314,1104.718
379,2017:08:01:23:54:56.938,2017:08:02:00:20:51.402,1554.464
380,2017:08:02:07:19:09.142,2017:08:02:07:52:24.343,1995.201
381,2017:08:02:14:43:34.522,2017:08:02:15:24:27.834,2453.313
382,2017:08:02:22:08:08.262,2017:08:02:22:57:07.176,2938.915
383,2017:08:03:05:32:47.966,2017:08:03:06:30:29.431,3461.465
384,2017:08:03:12:57:32.489,2017:08:03:14:04:34.800,4022.312
385,2017:08:03:20:22:22.279,2017:08:03:21:39:24.461,4622.182
386,2017:08:04:03:47:16.046,2017:08:04:05:14:58.256,5262.210
387,2017:08:04:11:12:13.641,2017:08:04:12:51:12.851,5939.209
388,2017:08:04:18:37:14.631,2017:08:04:20:28:03.595,6648.964
389,2017:08:05:02:02:19.128,2017:08:05:04:05:23.535,7384.407
390,2017:08:05:09:27:26.374,2017:08:05:11:43:04.725,8138.351
391,2017:08:05:16:52:38.325,2017:08:05:19:20:59.494,8901.169
392,2017:08:06:00:17:54.095,2017:08:06:02:58:56.553,9662.458
393,2017:08:06:07:43:14.361,2017:08:06:10:36:47.644,10413.282
394,2017:08:06:15:08:38.224,2017:08:06:18:14:24.485,11146.260
395,2017:08:06:22:34:05.731,2017:08:07:01:51:38.985,11853.255
396,2017:08:07:05:59:39.027,2017:08:07:09:28:24.579,12525.552
397,2017:08:07:13:25:18.034,2017:08:07:17:04:36.940,13158.907
398,2017:08:07:20:51:01.269,2017:08:08:00:40:12.681,13751.412
399,2017:08:08:04:16:50.742,2017:08:08:08:15:10.088,14299.346
400,2017:08:08:11:42:47.742,2017:08:08:15:49:26.784,14799.041
401,2017:08:08:19:08:50.914,2017:08:08:23:23:02.617,15251.703
402,2017:08:09:02:35:00.759,2017:08:09:06:56:00.943,15660.184
403,2017:08:09:10:01:20.534,2017:08:09:14:28:19.850,16019.316
404,2017:08:09:17:27:47.509,2017:08:09:22:00:03.591,16336.081
405,2017:08:10:00:54:26.113,2017:08:10:05:31:13.818,16607.706
406,2017:08:10:08:21:13.910,2017:08:10:13:01:51.607,16837.697
407,2017:08:10:15:48:14.506,2017:08:10:20:31:59.784,17025.279
408,2017:08:10:23:15:26.371,2017:08:11:04:01:40.559,17174.189
409,2017:08:11:06:42:54.098,2017:08:11:11:30:56.072,17281.974
410,2017:08:11:14:10:35.288,2017:08:11:18:59:47.516,17352.228
411,2017:08:11:21:38:34.790,2017:08:12:02:28:18.895,17384.105
412,2017:08:12:05:06:52.256,2017:08:12:09:56:31.125,17378.868
413,2017:08:12:12:35:28.683,2017:08:12:17:24:24.831,17336.148
414,2017:08:12:20:04:27.885,2017:08:13:00:52:01.870,17253.985
415,2017:08:13:03:33:51.046,2017:08:13:08:19:25.050,17134.003
416,2017:08:13:11:03:40.269,2017:08:13:15:46:33.297,16973.028
417,2017:08:13:18:33:57.754,2017:08:13:23:13:30.773,16773.019
418,2017:08:14:02:04:45.768,2017:08:14:06:40:15.345,16529.577
419,2017:08:14:09:36:07.171,2017:08:14:14:06:50.908,16243.737
420,2017:08:14:17:08:03.002,2017:08:14:21:33:15.879,15912.877
421,2017:08:15:00:40:35.126,2017:08:15:04:59:32.080,15536.954
422,2017:08:15:08:13:47.303,2017:08:15:12:25:41.531,15114.228
423,2017:08:15:15:47:38.191,2017:08:15:19:51:41.814,14643.623
424,2017:08:15:23:22:11.187,2017:08:16:03:17:36.246,14125.059
425,2017:08:16:06:57:23.074,2017:08:16:10:43:25.140,13562.066
426,2017:08:16:14:33:14.563,2017:08:16:18:09:07.176,12952.613
427,2017:08:16:22:09:42.941,2017:08:17:01:34:43.397,12300.456
428,2017:08:17:05:46:43.881,2017:08:17:09:00:15.857,11611.976
429,2017:08:17:13:24:11.656,2017:08:17:16:25:43.059,10891.403
430,2017:08:17:21:01:59.358,2017:08:17:23:51:05.649,10146.292
431,2017:08:18:04:39:59.309,2017:08:18:07:16:23.306,9383.997
432,2017:08:18:12:18:03.257,2017:08:18:14:41:37.797,8614.541
433,2017:08:18:19:55:59.739,2017:08:18:22:06:48.967,7849.229
434,2017:08:19:03:33:40.363,2017:08:19:05:31:56.051,7095.688
435,2017:08:19:11:10:55.890,2017:08:19:12:56:59.449,6363.559
436,2017:08:19:18:47:39.167,2017:08:19:20:21:58.119,5658.952
437,2017:08:20:02:23:44.130,2017:08:20:03:46:54.054,4989.923
438,2017:08:20:09:59:06.626,2017:08:20:11:11:46.086,4359.459
439,2017:08:20:17:33:44.716,2017:08:20:18:36:33.888,3769.172
440,2017:08:21:01:07:36.711,2017:08:21:02:01:16.211,3219.500
441,2017:08:21:08:40:45.863,2017:08:21:09:25:53.351,2707.488
442,2017:08:21:16:13:13.830,2017:08:21:16:50:23.047,2229.216
443,2017:08:21:23:45:08.353,2017:08:22:00:14:42.073,1773.719
444,2017:08:22:07:16:37.337,2017:08:22:07:38:42.501,1325.164
445,2017:08:22:14:48:06.427,2017:08:22:15:02:07.185,840.758
446,2017:08:28:19:39:40.507,2017:08:28:19:43:47.656,247.149
447,2017:08:29:03:01:07.571,2017:08:29:03:16:40.605,933.034
448,2017:08:29:10:24:42.630,2017:08:29:10:47:59.057,1396.427
449,2017:08:29:17:48:47.888,2017:08:29:18:19:23.582,1835.694
450,2017:08:30:01:13:09.442,2017:08:30:01:51:14.581,2285.139
451,2017:08:30:08:37:39.792,2017:08:30:09:23:39.830,2760.037
452,2017:08:30:16:02:17.382,2017:08:30:16:56:46.246,3268.863
453,2017:08:30:23:27:00.837,2017:08:31:00:30:34.825,3813.988
454,2017:08:31:06:51:48.931,2017:08:31:08:05:07.860,4398.930
455,2017:08:31:14:16:41.108,2017:08:31:15:40:25.776,5024.668
456,2017:08:31:21:41:36.743,2017:08:31:23:16:25.237,5688.495
457,2017:09:01:05:06:35.774,2017:09:01:06:53:02.294,6386.520
458,2017:09:01:12:31:39.084,2017:09:01:14:30:11.526,7112.442
459,2017:09:01:19:56:46.331,2017:09:01:22:07:45.313,7858.982
460,2017:09:02:03:21:56.736,2017:09:02:05:45:34.810,8618.074
461,2017:09:02:10:47:10.679,2017:09:02:13:23:32.090,9381.411
462,2017:09:02:18:12:28.072,2017:09:02:21:01:25.691,10137.618
463,2017:09:03:01:37:50.420,2017:09:03:04:39:07.896,10877.475
464,2017:09:03:09:03:17.700,2017:09:03:12:16:30.959,11593.259
465,2017:09:03:16:28:48.651,2017:09:03:19:53:28.011,12279.361
466,2017:09:03:23:54:24.296,2017:09:04:03:29:52.825,12928.529
467,2017:09:04:07:20:06.034,2017:09:04:11:05:42.247,13536.213
468,2017:09:04:14:45:54.148,2017:09:04:18:40:52.850,14098.702
469,2017:09:04:22:11:46.815,2017:09:05:02:15:24.735,14617.920
470,2017:09:05:05:37:47.303,2017:09:05:09:49:15.297,15087.994
471,2017:09:05:13:03:55.785,2017:09:05:17:22:27.872,15512.086
472,2017:09:05:20:30:10.504,2017:09:06:00:55:00.513,15890.009
473,2017:09:06:03:56:35.741,2017:09:06:08:26:58.114,16222.373
474,2017:09:06:11:23:09.180,2017:09:06:15:58:20.163,16510.983
475,2017:09:06:18:49:52.772,2017:09:06:23:29:08.892,16756.120
476,2017:09:07:02:16:48.543,2017:09:07:06:59:28.457,16959.914
477,2017:09:07:09:43:55.835,2017:09:07:14:29:18.923,17123.088
478,2017:09:07:17:11:17.663,2017:09:07:21:58:44.160,17246.497
479,2017:09:08:00:38:53.886,2017:09:08:05:27:44.973,17331.087
480,2017:09:08:08:06:45.157,2017:09:08:12:56:22.903,17377.746
481,2017:09:08:15:34:55.785,2017:09:08:20:24:42.002,17386.217
482,2017:09:08:23:03:25.260,2017:09:09:03:52:42.977,17357.717
483,2017:09:09:06:32:15.000,2017:09:09:11:20:25.566,17290.566
484,2017:09:09:14:01:28.691,2017:09:09:18:47:54.120,17185.429
485,2017:09:09:21:31:07.638,2017:09:10:02:15:08.641,17041.003
486,2017:09:10:05:01:14.018,2017:09:10:09:42:09.079,16855.061
487,2017:09:10:12:31:50.081,2017:09:10:17:08:59.366,16629.286
488,2017:09:10:20:02:58.693,2017:09:11:00:35:37.908,16359.215
489,2017:09:11:03:34:40.851,2017:09:11:08:02:06.211,16045.360
490,2017:09:11:11:06:58.793,2017:09:11:15:28:26.977,15688.184
491,2017:09:11:18:39:56.250,2017:09:11:22:54:37.769,15281.519
492,2017:09:12:02:13:31.828,2017:09:12:06:20:42.356,14830.528
493,2017:09:12:09:47:48.976,2017:09:12:13:46:39.424,14330.448
494,2017:09:12:17:22:46.860,2017:09:12:21:12:29.109,13782.250
495,2017:09:13:00:58:24.333,2017:09:13:04:38:13.385,13189.053
496,2017:09:13:08:34:39.216,2017:09:13:12:03:53.037,12553.820
497,2017:09:13:16:11:28.197,2017:09:13:19:29:26.329,11878.132
498,2017:09:13:23:48:47.448,2017:09:14:02:54:54.713,11167.265
499,2017:09:14:07:26:29.437,2017:09:14:10:20:19.025,10429.588
500,2017:09:14:15:04:26.489,2017:09:14:17:45:39.722,9673.233
501,2017:09:14:22:42:30.277,2017:09:15:01:10:55.818,8905.541
502,2017:09:15:06:20:32.111,2017:09:15:08:36:07.256,8135.145
503,2017:09:15:13:58:20.662,2017:09:15:16:01:15.284,7374.622
504,2017:09:15:21:35:47.846,2017:09:15:23:26:19.949,6632.103
505,2017:09:16:05:12:44.846,2017:09:16:06:51:21.263,5916.417
506,2017:09:16:12:49:05.597,2017:09:16:14:16:18.708,5233.110
507,2017:09:16:20:24:45.240,2017:09:16:21:41:12.293,4587.053
508,2017:09:17:03:59:40.992,2017:09:17:05:06:00.678,3979.686
509,2017:09:17:11:33:50.138,2017:09:17:12:30:45.266,3415.128
510,2017:09:17:19:07:15.811,2017:09:17:19:55:24.568,2888.757
511,2017:09:18:02:39:58.660,2017:09:18:03:19:57.166,2398.506
512,2017:09:18:10:12:05.198,2017:09:18:10:44:20.238,1935.039
513,2017:09:18:17:43:43.991,2017:09:18:18:08:27.803,1483.811
514,2017:09:19:01:15:09.650,2017:09:19:01:32:09.101,1019.451
515,2017:09:19:08:47:29.984,2017:09:19:08:54:20.755,410.770
516,2017:09:25:13:31:15.438,2017:09:25:13:43:42.803,747.365
517,2017:09:25:20:54:30.240,2017:09:25:21:15:08.869,1238.630
518,2017:09:26:04:18:27.709,2017:09:26:04:46:27.203,1679.494
519,2017:09:26:11:42:44.645,2017:09:26:12:18:07.690,2123.045
520,2017:09:26:19:07:12.497,2017:09:26:19:50:18.731,2586.234
521,2017:09:27:02:31:47.524,2017:09:27:03:23:09.488,3081.964
522,2017:09:27:09:56:28.539,2017:09:27:10:56:41.590,3613.050
523,2017:09:27:17:21:15.116,2017:09:27:18:30:58.101,4182.985
524,2017:09:28:00:46:05.905,2017:09:28:02:05:59.438,4793.533
525,2017:09:28:08:11:00.564,2017:09:28:09:41:43.291,5442.726
526,2017:09:28:15:35:58.824,2017:09:28:17:18:06.446,6127.622
527,2017:09:28:23:01:00.664,2017:09:29:00:55:03.687,6843.023
528,2017:09:29:06:26:05.065,2017:09:29:08:32:28.486,7583.421
529,2017:09:29:13:51:14.154,2017:09:29:16:10:12.559,8338.404
530,2017:09:29:21:16:26.961,2017:09:29:23:48:07.600,9100.639
531,2017:09:30:04:41:44.095,2017:09:30:07:26:02.755,9858.660
532,2017:09:30:12:07:04.454,2017:09:30:15:03:49.344,10604.889
533,2017:09:30:19:32:28.634,2017:09:30:22:41:19.534,11330.900
534,2017:10:01:02:57:58.177,2017:10:01:06:18:26.157,12027.980
535,2017:10:01:10:23:33.183,2017:10:01:13:55:03.117,12689.933
536,2017:10:01:17:49:12.268,2017:10:01:21:31:05.607,13313.338
537,2017:10:02:01:14:56.852,2017:10:02:05:06:31.272,13894.420
538,2017:10:02:08:40:48.850,2017:10:02:12:41:17.188,14428.338
539,2017:10:02:16:06:46.405,2017:10:02:20:15:22.512,14916.107
540,2017:10:02:23:32:50.396,2017:10:03:03:48:49.469,15359.073
541,2017:10:03:06:59:03.771,2017:10:03:11:21:36.066,15752.295
542,2017:10:03:14:25:24.411,2017:10:03:18:53:47.159,16102.748
543,2017:10:03:21:51:53.816,2017:10:04:02:25:21.142,16407.326
544,2017:10:04:05:18:34.546,2017:10:04:09:56:22.326,16667.781
545,2017:10:04:12:45:24.654,2017:10:04:17:26:52.506,16887.851
546,2017:10:04:20:12:28.248,2017:10:05:00:56:53.560,17065.312
547,2017:10:05:03:39:43.330,2017:10:05:08:26:28.171,17204.841
548,2017:10:05:11:07:14.213,2017:10:05:15:55:37.954,17303.742
549,2017:10:05:18:35:00.131,2017:10:05:23:24:25.359,17365.227
550,2017:10:06:02:03:02.128,2017:10:06:06:52:50.594,17388.466
551,2017:10:06:09:31:24.310,2017:10:06:14:20:58.022,17373.712
552,2017:10:06:17:00:06.740,2017:10:06:21:48:48.364,17321.623
553,2017:10:07:00:29:11.467,2017:10:07:05:16:21.260,17229.793
554,2017:10:07:07:58:39.727,2017:10:07:12:43:40.985,17101.258
555,2017:10:07:15:28:35.389,2017:10:07:20:10:46.548,16931.159
556,2017:10:07:22:59:00.564,2017:10:08:03:37:40.786,16720.222
557,2017:10:08:06:29:56.044,2017:10:08:11:04:23.144,16467.099
558,2017:10:08:14:01:25.134,2017:10:08:18:30:56.617,16171.482
559,2017:10:08:21:33:29.072,2017:10:09:01:57:18.932,15829.859
560,2017:10:09:05:06:12.020,2017:10:09:09:23:34.402,15442.383
561,2017:10:09:12:39:32.559,2017:10:09:16:49:40.649,15008.090
562,2017:10:09:20:13:34.535,2017:10:10:00:15:39.929,14525.394
563,2017:10:10:03:48:17.312,2017:10:10:07:41:33.552,13996.240
564,2017:10:10:11:23:40.187,2017:10:10:15:07:20.362,13420.175
565,2017:10:10:18:59:42.211,2017:10:10:22:33:00.355,12798.144
566,2017:10:11:02:36:19.419,2017:10:11:05:58:35.995,12136.577
567,2017:10:11:10:13:28.001,2017:10:11:13:24:07.397,11439.397
568,2017:10:11:17:51:02.966,2017:10:11:20:49:33.511,10710.545
569,2017:10:12:01:28:56.266,2017:10:12:04:14:54.180,9957.914
570,2017:10:12:09:06:59.372,2017:10:12:11:40:11.669,9192.297
571,2017:10:12:16:45:04.334,2017:10:12:19:05:25.734,8421.400
572,2017:10:13:00:22:59.399,2017:10:13:02:30:35.588,7656.190
573,2017:10:13:08:00:36.396,2017:10:13:09:55:41.708,6905.312
574,2017:10:13:15:37:46.841,2017:10:13:17:20:43.091,6176.250
575,2017:10:13:23:14:22.663,2017:10:14:00:45:41.780,5479.117
576,2017:10:14:06:50:18.893,2017:10:14:08:10:36.684,4817.791
577,2017:10:14:14:25:31.610,2017:10:14:15:35:27.328,4195.718
578,2017:10:14:21:59:58.337,2017:10:14:23:00:13.808,3615.472
579,2017:10:15:05:33:40.816,2017:10:15:06:24:55.259,3074.442
580,2017:10:15:13:06:40.169,2017:10:15:13:49:30.380,2570.210
581,2017:10:15:20:38:59.431,2017:10:15:21:13:56.250,2096.819
582,2017:10:16:04:10:48.144,2017:10:16:04:38:10.499,1642.355
583,2017:10:16:11:42:16.030,2017:10:16:12:02:04.290,1188.260
584,2017:10:16:19:13:59.603,2017:10:16:19:25:04.898,665.295
585,2017:10:23:00:01:43.047,2017:10:23:00:10:30.916,527.868
586,2017:10:23:07:24:23.116,2017:10:23:07:42:19.058,1075.942
587,2017:10:23:14:48:10.345,2017:10:23:15:13:34.539,1524.194
588,2017:10:23:22:12:21.598,2017:10:23:22:45:05.521,1963.923
589,2017:10:24:05:36:45.068,2017:10:24:06:17:03.560,2418.492
590,2017:10:24:13:01:18.244,2017:10:24:13:49:39.157,2900.914
591,2017:10:24:20:25:57.849,2017:10:24:21:22:55.348,3417.499
592,2017:10:25:03:50:42.616,2017:10:25:04:56:54.981,3972.365
593,2017:10:25:11:15:31.344,2017:10:25:12:31:39.606,4568.262
594,2017:10:25:18:40:23.962,2017:10:25:20:07:07.391,5203.428
595,2017:10:26:02:05:20.997,2017:10:26:03:43:15.914,5874.917
596,2017:10:26:09:30:21.588,2017:10:26:11:20:00.627,6579.039
597,2017:10:26:16:55:26.011,2017:10:26:18:57:15.228,7309.217
598,2017:10:27:00:20:33.636,2017:10:27:02:34:52.422,8058.786
599,2017:10:27:07:45:44.459,2017:10:27:10:12:43.103,8818.644
600,2017:10:27:15:10:59.067,2017:10:27:17:50:39.060,9579.993
601,2017:10:27:22:36:18.214,2017:10:28:01:28:29.308,10331.095
602,2017:10:28:06:01:42.071,2017:10:28:09:06:05.707,11063.636
603,2017:10:28:13:27:09.387,2017:10:28:16:43:21.104,11771.717
604,2017:10:28:20:52:41.162,2017:10:29:00:20:09.035,12447.873
605,2017:10:29:04:18:18.727,2017:10:29:07:56:24.254,13085.527
606,2017:10:29:11:44:02.343,2017:10:29:15:32:04.034,13681.691
607,2017:10:29:19:09:50.226,2017:10:29:23:07:04.394,14234.168
608,2017:10:30:02:35:45.355,2017:10:30:06:41:24.404,14739.049
609,2017:10:30:10:01:48.147,2017:10:30:14:15:05.051,15196.904
610,2017:10:30:17:27:57.016,2017:10:30:21:48:06.602,15609.586
611,2017:10:31:00:54:14.341,2017:10:31:05:20:31.432,15977.091
612,2017:10:31:08:20:41.432,2017:10:31:12:52:18.433,16297.001
613,2017:10:31:15:47:16.732,2017:10:31:20:23:32.149,16575.417
614,2017:10:31:23:14:04.219,2017:11:01:03:54:13.540,16809.321
615,2017:11:01:06:41:01.430,2017:11:01:11:24:25.214,17003.784
616,2017:11:01:14:08:13.056,2017:11:01:18:54:09.334,17156.278
617,2017:11:01:21:35:36.712,2017:11:02:02:23:28.112,17271.400
618,2017:11:02:05:03:17.054,2017:11:02:09:52:23.471,17346.417
619,2017:11:02:12:31:13.454,2017:11:02:17:20:57.867,17384.414
620,2017:11:02:19:59:26.886,2017:11:03:00:49:11.923,17385.037
621,2017:11:03:03:28:01.444,2017:11:03:08:17:07.422,17345.978
622,2017:11:03:10:56:57.836,2017:11:03:15:44:47.805,17269.969
623,2017:11:03:18:26:17.148,2017:11:03:23:12:11.539,17154.391
624,2017:11:04:01:56:02.530,2017:11:04:06:39:23.391,17000.861
625,2017:11:04:09:26:15.808,2017:11:04:14:06:20.809,16805.001
626,2017:11:04:16:56:59.565,2017:11:04:21:33:08.595,16569.030
627,2017:11:05:00:28:15.739,2017:11:05:04:59:44.010,16288.271
628,2017:11:05:08:00:06.166,2017:11:05:12:26:11.569,15965.403
629,2017:11:05:15:32:34.791,2017:11:05:19:52:28.997,15594.206
630,2017:11:05:23:05:40.709,2017:11:06:03:18:38.290,15177.582
631,2017:11:06:06:39:27.810,2017:11:06:10:44:41.408,14713.598
632,2017:11:06:14:13:55.537,2017:11:06:18:10:36.185,14200.648
633,2017:11:06:21:49:03.744,2017:11:07:01:36:24.854,13641.110
634,2017:11:07:05:24:51.464,2017:11:07:09:02:08.730,13037.265
635,2017:11:07:13:01:16.867,2017:11:07:16:27:45.994,12389.128
636,2017:11:07:20:38:15.033,2017:11:07:23:53:18.002,11702.969
637,2017:11:08:04:15:41.172,2017:11:08:07:18:45.747,10984.575
638,2017:11:08:11:53:29.502,2017:11:08:14:44:09.721,10240.220
639,2017:11:08:19:31:30.864,2017:11:08:22:09:28.869,9478.006
640,2017:11:09:03:09:36.489,2017:11:09:05:34:42.971,8706.481
641,2017:11:09:10:47:37.839,2017:11:09:12:59:54.071,7936.231
642,2017:11:09:18:25:23.368,2017:11:09:20:25:01.858,7178.490
643,2017:11:10:02:02:45.311,2017:11:10:03:50:05.668,6440.357
644,2017:11:10:09:39:35.749,2017:11:10:11:15:05.874,5730.126
645,2017:11:10:17:15:48.066,2017:11:10:18:40:01.649,5053.583
646,2017:11:11:00:51:17.515,2017:11:11:02:04:53.568,4416.052
647,2017:11:11:08:26:01.772,2017:11:11:09:29:41.667,3819.895
648,2017:11:11:16:00:01.120,2017:11:11:16:54:24.955,3263.836
649,2017:11:11:23:33:16.620,2017:11:12:00:19:02.457,2745.837
650,2017:11:12:07:05:50.837,2017:11:12:07:43:31.940,2261.103
651,2017:11:12:14:37:50.052,2017:11:12:15:07:51.101,1801.049
652,2017:11:12:22:09:23.092,2017:11:12:22:31:52.691,1349.599
653,2017:11:13:05:40:55.038,2017:11:13:05:55:18.924,863.886
654,2017:11:19:10:33:19.891,2017:11:19:10:36:15.020,175.130
655,2017:11:19:17:54:20.891,2017:11:19:18:09:29.585,908.694
656,2017:11:20:01:17:54.379,2017:11:20:01:40:46.406,1372.028
657,2017:11:20:08:41:59.413,2017:11:20:09:12:07.512,1808.099
658,2017:11:20:16:06:18.861,2017:11:20:16:43:54.957,2256.095
659,2017:11:20:23:30:49.369,2017:11:21:00:16:15.260,2725.891
660,2017:11:21:06:55:27.008,2017:11:21:07:49:15.907,3228.899
661,2017:11:21:14:20:10.073,2017:11:21:15:22:58.802,3768.729
662,2017:11:21:21:44:57.448,2017:11:21:22:57:26.527,4349.079
663,2017:11:22:05:09:49.229,2017:11:22:06:32:37.890,4968.662
664,2017:11:22:12:34:44.802,2017:11:22:14:08:31.120,5626.317
665,2017:11:22:19:59:43.648,2017:11:22:21:45:02.444,6318.796
666,2017:11:23:03:24:45.753,2017:11:23:05:22:06.109,7040.356
667,2017:11:23:10:49:52.155,2017:11:23:12:59:34.927,7782.772
668,2017:11:23:18:15:02.628,2017:11:23:20:37:20.911,8538.283
669,2017:11:24:01:40:16.246,2017:11:24:04:15:15.489,9299.242
670,2017:11:24:09:05:33.616,2017:11:24:11:53:07.801,10054.185
671,2017:11:24:16:30:54.427,2017:11:24:19:30:49.723,10795.296
672,2017:11:24:23:56:20.474,2017:11:25:03:08:12.960,11512.486
673,2017:11:25:07:21:51.707,2017:11:25:10:45:11.057,12199.351
674,2017:11:25:14:47:27.156,2017:11:25:18:21:39.346,12852.190
675,2017:11:25:22:13:07.033,2017:11:26:01:57:31.752,13464.719
676,2017:11:26:05:38:54.349,2017:11:26:09:32:45.644,14031.295
677,2017:11:26:13:04:46.933,2017:11:26:17:07:21.034,14554.100
678,2017:11:26:20:30:45.341,2017:11:27:00:41:16.309,15030.967
679,2017:11:27:03:56:52.008,2017:11:27:08:14:32.102,15460.093
680,2017:11:27:11:23:06.874,2017:11:27:15:47:10.800,15843.926
681,2017:11:27:18:49:29.238,2017:11:27:23:19:10.949,16181.711
682,2017:11:28:02:16:02.403,2017:11:28:06:50:37.137,16474.734
683,2017:11:28:09:42:43.963,2017:11:28:14:21:31.020,16727.057
684,2017:11:28:17:09:38.514,2017:11:28:21:51:53.684,16935.170
685,2017:11:29:00:36:43.400,2017:11:29:05:21:47.937,17104.537
686,2017:11:29:08:04:03.487,2017:11:29:12:51:15.942,17232.455
687,2017:11:29:15:31:36.359,2017:11:29:20:20:18.992,17322.633
688,2017:11:29:22:59:26.772,2017:11:30:03:49:01.011,17374.239
689,2017:11:30:06:27:34.376,2017:11:30:11:17:22.928,17388.552
690,2017:11:30:13:55:59.955,2017:11:30:18:45:25.615,17365.661
691,2017:11:30:21:24:47.422,2017:12:01:02:13:10.747,17303.325
692,2017:12:01:04:53:58.645,2017:12:01:09:40:41.630,17202.985
693,2017:12:01:12:23:34.164,2017:12:01:17:07:56.719,17062.555
694,2017:12:01:19:53:36.683,2017:12:02:00:35:00.643,16883.960
695,2017:12:02:03:24:08.367,2017:12:02:08:01:50.849,16662.482
696,2017:12:02:10:55:11.943,2017:12:02:15:28:31.979,16400.036
697,2017:12:02:18:26:49.852,2017:12:02:22:55:01.556,16091.703
698,2017:12:03:01:59:04.469,2017:12:03:06:21:23.310,15738.842
699,2017:12:03:09:31:56.116,2017:12:03:13:47:36.206,15340.090
700,2017:12:03:17:05:28.544,2017:12:03:21:13:40.304,14891.760
701,2017:12:04:00:39:41.310,2017:12:04:04:39:39.001,14397.691
702,2017:12:04:08:14:34.083,2017:12:04:12:05:30.499,13856.416
703,2017:12:04:15:50:07.840,2017:12:04:19:31:14.849,13267.009
704,2017:12:04:23:26:19.959,2017:12:05:02:56:54.512,12634.553
705,2017:12:05:07:03:08.013,2017:12:05:10:22:29.718,11961.704
706,2017:12:05:14:40:25.315,2017:12:05:17:47:58.645,11253.330
707,2017:12:05:22:18:06.657,2017:12:06:01:13:23.314,10516.657
708,2017:12:06:05:56:05.202,2017:12:06:08:38:43.933,9758.732
709,2017:12:06:13:34:11.179,2017:12:06:16:04:01.069,8989.889
710,2017:12:06:21:12:16.520,2017:12:06:23:29:13.797,8217.277
711,2017:12:07:04:50:09.394,2017:12:07:06:54:21.685,7452.291
712,2017:12:07:12:27:41.698,2017:12:07:14:19:26.767,6705.068
713,2017:12:07:20:04:45.190,2017:12:07:21:44:28.209,5983.019
714,2017:12:08:03:41:12.753,2017:12:08:05:09:26.013,5293.260
715,2017:12:08:11:16:58.941,2017:12:08:12:34:19.935,4640.994
716,2017:12:08:18:52:00.538,2017:12:08:19:59:09.794,4029.256
717,2017:12:09:02:26:16.883,2017:12:09:03:23:53.979,3457.096
718,2017:12:09:09:59:48.864,2017:12:09:10:48:33.472,2924.608
719,2017:12:09:17:32:37.222,2017:12:09:18:13:06.284,2429.062
720,2017:12:10:01:04:48.986,2017:12:10:01:37:30.076,1961.090
721,2017:12:10:08:36:30.332,2017:12:10:09:01:39.447,1509.114
722,2017:12:10:16:07:59.477,2017:12:10:16:25:21.746,1042.268
723,2017:12:10:23:40:16.592,2017:12:10:23:47:39.723,443.131
724,2017:12:17:04:24:28.288,2017:12:17:04:36:36.313,728.025
725,2017:12:17:11:47:41.896,2017:12:17:12:08:00.161,1218.265
726,2017:12:17:19:11:37.799,2017:12:17:19:39:15.314,1657.515
727,2017:12:18:02:35:53.974,2017:12:18:03:10:50.598,2096.624
728,2017:12:18:10:00:21.606,2017:12:18:10:42:58.515,2556.910
729,2017:12:18:17:24:56.870,2017:12:18:18:15:43.140,3046.270
730,2017:12:19:00:49:37.872,2017:12:19:01:49:09.182,3571.310
731,2017:12:19:08:14:23.141,2017:12:19:09:23:20.173,4137.032
732,2017:12:19:15:39:13.643,2017:12:19:16:58:13.859,4740.215
733,2017:12:19:23:04:07.959,2017:12:20:00:33:52.170,5384.211
734,2017:12:20:06:29:06.048,2017:12:20:08:10:09.242,6063.194
735,2017:12:20:13:54:07.488,2017:12:20:15:47:00.929,6773.441
736,2017:12:20:21:19:12.074,2017:12:20:23:24:20.506,7508.432
737,2017:12:21:04:44:20.032,2017:12:21:07:02:00.195,8260.163
738,2017:12:21:12:09:32.361,2017:12:21:14:39:52.185,9019.824
739,2017:12:21:19:34:49.054,2017:12:21:22:17:45.131,9776.077
740,2017:12:22:03:00:09.089,2017:12:22:05:55:31.339,10522.251
741,2017:12:22:10:25:33.092,2017:12:22:13:33:01.606,11248.514
742,2017:12:22:17:51:01.220,2017:12:22:21:10:09.085,11947.865
743,2017:12:23:01:16:34.898,2017:12:23:04:46:48.793,12613.895
744,2017:12:23:08:42:14.308,2017:12:23:12:22:54.191,13239.882
745,2017:12:23:16:07:57.613,2017:12:23:19:58:22.095,13824.481
746,2017:12:23:23:33:47.963,2017:12:24:03:33:11.936,14363.973
747,2017:12:24:06:59:45.458,2017:12:24:11:07:22.210,14856.752
748,2017:12:24:14:25:48.560,2017:12:24:18:40:53.086,15304.526
749,2017:12:24:21:51:59.690,2017:12:25:02:13:44.847,15705.158
750,2017:12:25:05:18:20.133,2017:12:25:09:45:58.742,16058.609
751,2017:12:25:12:44:47.886,2017:12:25:17:17:38.119,16370.233
752,2017:12:25:20:11:27.320,2017:12:26:00:48:43.427,16636.107
753,2017:12:26:03:38:15.694,2017:12:26:08:19:16.503,16860.809
754,2017:12:26:11:05:17.720,2017:12:26:15:49:21.281,17043.561
755,2017:12:26:18:32:30.786,2017:12:26:23:18:59.682,17188.896
756,2017:12:27:01:59:59.814,2017:12:27:06:48:12.419,17292.605
757,2017:12:27:09:27:42.553,2017:12:27:14:17:02.238,17359.685
758,2017:12:27:16:55:43.665,2017:12:27:21:45:30.337,17386.672
759,2017:12:28:00:24:02.966,2017:12:28:05:13:40.670,17377.704
760,2017:12:28:07:52:42.566,2017:12:28:12:41:32.781,17330.215
761,2017:12:28:15:21:43.335,2017:12:28:20:09:08.002,17244.667
762,2017:12:28:22:51:09.230,2017:12:29:03:36:30.048,17120.818
763,2017:12:29:06:21:01.532,2017:12:29:11:03:36.966,16955.434
764,2017:12:29:13:51:22.480,2017:12:29:18:30:33.410,16750.930
765,2017:12:29:21:22:14.370,2017:12:30:01:57:16.797,16502.427
766,2017:12:30:04:53:40.014,2017:12:30:09:23:51.642,16211.627
767,2017:12:30:12:25:40.116,2017:12:30:16:50:15.418,15875.303
768,2017:12:30:19:58:18.118,2017:12:31:00:16:31.232,15493.114
769,2017:12:31:03:31:35.563,2017:12:31:07:42:40.036,15064.472
770,2017:12:31:11:05:33.932,2017:12:31:15:08:39.907,14585.975
771,2017:12:31:18:40:11.968,2017:12:31:22:34:33.541,14061.572
772,2018:01:01:02:15:31.480,2018:01:01:06:00:21.937,13490.457
773,2018:01:01:09:51:31.189,2018:01:01:13:26:03.164,12871.975
774,2018:01:01:17:28:06.522,2018:01:01:20:51:39.213,12212.691
775,2018:01:02:01:05:14.134,2018:01:02:04:17:11.244,11517.110
776,2018:01:02:08:42:48.201,2018:01:02:11:42:38.036,10789.835
777,2018:01:02:16:20:42.141,2018:01:02:19:07:59.763,10037.622
778,2018:01:02:23:58:47.305,2018:01:03:02:33:17.427,9270.121
779,2018:01:03:07:36:55.158,2018:01:03:09:58:31.497,8496.339
780,2018:01:03:15:14:54.264,2018:01:03:17:23:42.256,7727.992
781,2018:01:03:22:52:35.863,2018:01:04:00:48:48.897,6973.034
782,2018:01:04:06:29:51.467,2018:01:04:08:13:51.036,6239.568
783,2018:01:04:14:06:33.495,2018:01:04:15:38:49.883,5536.388
784,2018:01:04:21:42:35.838,2018:01:04:23:03:45.195,4869.356
785,2018:01:05:05:17:54.427,2018:01:05:06:28:36.475,4242.049
786,2018:01:05:12:52:27.672,2018:01:05:13:53:23.322,3655.650
787,2018:01:05:20:26:16.172,2018:01:05:21:18:04.518,3108.346
788,2018:01:06:03:59:20.339,2018:01:06:04:42:40.082,2599.744
789,2018:01:06:11:31:44.230,2018:01:06:12:07:07.466,2123.236
790,2018:01:06:19:03:35.809,2018:01:06:19:31:21.790,1665.980
791,2018:01:07:02:35:07.579,2018:01:07:02:55:16.001,1208.422
792,2018:01:07:10:06:50.906,2018:01:07:10:18:20.031,689.125
793,2018:01:13:14:54:53.988,2018:01:13:15:03:28.298,514.310
794,2018:01:13:22:17:32.693,2018:01:13:22:35:15.184,1062.491
795,2018:01:14:05:41:18.748,2018:01:14:06:06:26.331,1507.583
796,2018:01:14:13:05:30.242,2018:01:14:13:37:52.857,1942.615
797,2018:01:14:20:29:54.050,2018:01:14:21:09:46.821,2392.771
798,2018:01:15:03:54:26.813,2018:01:15:04:42:16.305,2869.492
799,2018:01:15:11:19:05.834,2018:01:15:12:15:25.945,3380.111
800,2018:01:15:18:43:50.390,2018:01:15:19:49:20.165,3929.775
801,2018:01:16:02:08:39.328,2018:01:16:03:23:56.864,4517.536
802,2018:01:16:09:33:32.163,2018:01:16:10:59:18.766,5146.602
803,2018:01:16:16:58:27.838,2018:01:16:18:35:20.813,5812.975
804,2018:01:17:00:23:28.126,2018:01:17:02:11:59.564,6511.438
805,2018:01:17:07:48:31.862,2018:01:17:09:49:08.803,7236.941
806,2018:01:17:15:13:39.512,2018:01:17:17:26:41.035,7981.523
807,2018:01:17:22:38:50.237,2018:01:18:01:04:27.992,8737.755
808,2018:01:18:06:04:03.983,2018:01:18:08:42:21.306,9497.323
809,2018:01:18:13:29:22.601,2018:01:18:16:20:10.064,10247.462
810,2018:01:18:20:54:45.978,2018:01:18:23:57:46.810,10980.832
811,2018:01:19:04:20:13.017,2018:01:19:07:35:02.758,11689.741
812,2018:01:19:11:45:44.009,2018:01:19:15:11:52.181,12368.172
813,2018:01:19:19:11:20.599,2018:01:19:22:48:10.379,13009.780
814,2018:01:20:02:37:03.511,2018:01:20:06:23:52.539,13609.028
815,2018:01:20:10:02:51.164,2018:01:20:13:58:56.256,14165.092
816,2018:01:20:17:28:44.727,2018:01:20:21:33:21.626,14676.899
817,2018:01:21:00:54:46.605,2018:01:21:05:07:07.045,15140.440
818,2018:01:21:08:20:54.655,2018:01:21:12:40:12.431,15557.776
819,2018:01:21:15:47:10.533,2018:01:21:20:12:40.699,15930.167
820,2018:01:21:23:13:36.570,2018:01:22:03:44:33.205,16256.635
821,2018:01:22:06:40:10.349,2018:01:22:11:15:50.582,16540.233
822,2018:01:22:14:06:56.419,2018:01:22:18:46:35.572,16779.153
823,2018:01:22:21:33:52.632,2018:01:23:02:16:50.802,16978.170
824,2018:01:23:05:01:01.974,2018:01:23:09:46:38.525,17136.551
825,2018:01:23:12:28:23.718,2018:01:23:17:16:00.644,17256.926
826,2018:01:23:19:56:02.221,2018:01:24:00:44:59.704,17337.483
827,2018:01:24:03:23:55.456,2018:01:24:08:13:36.294,17380.838
828,2018:01:24:10:52:07.393,2018:01:24:15:41:52.152,17384.759
829,2018:01:24:18:20:39.603,2018:01:24:23:09:51.211,17351.607
830,2018:01:25:01:49:33.083,2018:01:25:06:37:33.551,17280.469
831,2018:01:25:09:18:49.792,2018:01:25:14:04:59.569,17169.777
832,2018:01:25:16:48:31.283,2018:01:25:21:32:13.145,17021.861
833,2018:01:26:00:18:42.098,2018:01:26:04:59:12.375,16830.277
834,2018:01:26:07:49:22.241,2018:01:26:12:26:01.741,16599.500
835,2018:01:26:15:20:35.020,2018:01:26:19:52:38.955,16323.935
836,2018:01:26:22:52:22.556,2018:01:27:03:19:07.598,16005.042
837,2018:01:27:06:24:46.344,2018:01:27:10:45:26.872,15640.528
838,2018:01:27:13:57:48.861,2018:01:27:18:11:36.843,15227.981
839,2018:01:27:21:31:32.555,2018:01:28:01:37:40.988,14768.433
840,2018:01:28:05:05:55.805,2018:01:28:09:03:37.169,14261.364
841,2018:01:28:12:41:01.811,2018:01:28:16:29:26.444,13704.633
842,2018:01:28:20:16:46.699,2018:01:28:23:55:11.119,13104.420
843,2018:01:29:03:53:09.689,2018:01:29:07:20:49.672,12459.983
844,2018:01:29:11:30:06.876,2018:01:29:14:46:22.324,11775.448
845,2018:01:29:19:07:32.868,2018:01:29:22:11:50.451,11057.583
846,2018:01:30:02:45:21.001,2018:01:30:05:37:14.990,10313.989
847,2018:01:30:10:23:24.075,2018:01:30:13:02:34.759,9550.685
848,2018:01:30:18:01:32.273,2018:01:30:20:27:49.725,8777.451
849,2018:01:31:01:39:37.241,2018:01:31:03:53:01.115,8003.874
850,2018:01:31:09:17:27.031,2018:01:31:11:18:09.036,7242.005
851,2018:01:31:16:54:53.715,2018:01:31:18:43:13.573,6499.858
852,2018:02:01:00:31:49.340,2018:02:01:02:08:14.206,5784.867
853,2018:02:01:08:08:07.226,2018:02:01:09:33:11.102,5103.876
854,2018:02:01:15:43:42.536,2018:02:01:16:58:03.239,4460.703
855,2018:02:01:23:18:32.773,2018:02:02:00:22:51.405,3858.632
856,2018:02:02:06:52:37.811,2018:02:02:07:47:35.119,3297.308
857,2018:02:02:14:25:57.620,2018:02:02:15:12:13.118,2775.498
858,2018:02:02:21:58:36.085,2018:02:02:22:36:43.797,2287.712
859,2018:02:03:05:30:38.839,2018:02:03:06:01:02.902,1824.063
860,2018:02:03:13:02:15.795,2018:02:03:13:25:05.887,1370.093
861,2018:02:03:20:33:47.819,2018:02:03:20:48:34.576,886.757
862,2018:02:10:01:26:27.455,2018:02:10:01:29:16.534,169.079
863,2018:02:10:08:47:28.426,2018:02:10:09:02:27.930,899.505
864,2018:02:10:16:11:01.580,2018:02:10:16:33:40.103,1358.522
865,2018:02:10:23:35:06.908,2018:02:11:00:04:58.278,1791.369
866,2018:02:11:06:59:27.499,2018:02:11:07:36:39.961,2232.462
867,2018:02:11:14:23:56.726,2018:02:11:15:08:54.690,2697.964
868,2018:02:11:21:48:34.218,2018:02:11:22:41:48.617,3194.398
869,2018:02:12:05:13:17.205,2018:02:12:06:15:25.879,3728.674
870,2018:02:12:12:38:04.694,2018:02:12:13:49:45.419,4300.726
871,2018:02:12:20:02:56.121,2018:02:12:21:24:50.487,4914.365
872,2018:02:13:03:27:51.440,2018:02:13:05:00:36.773,5565.333
873,2018:02:13:10:52:50.230,2018:02:13:12:37:01.633,6251.403
874,2018:02:13:18:17:51.749,2018:02:13:20:13:59.435,6967.686
875,2018:02:14:01:42:57.767,2018:02:14:03:51:23.089,7705.322
876,2018:02:14:09:08:07.360,2018:02:14:11:29:04.539,8457.179
877,2018:02:14:16:33:21.096,2018:02:14:19:06:56.003,9214.906
878,2018:02:14:23:58:38.011,2018:02:15:02:44:46.174,9968.162
879,2018:02:15:07:23:58.255,2018:02:15:10:22:27.453,10709.198
880,2018:02:15:14:49:23.726,2018:02:15:17:59:51.642,11427.916
881,2018:02:15:22:14:54.392,2018:02:16:01:36:51.001,12116.609
882,2018:02:16:05:40:29.107,2018:02:16:09:13:20.540,12771.434
883,2018:02:16:13:06:08.295,2018:02:16:16:49:15.943,13387.648
884,2018:02:16:20:31:54.102,2018:02:17:00:24:34.429,13960.327
885,2018:02:17:03:57:46.637,2018:02:17:07:59:14.286,14487.650
886,2018:02:17:11:23:44.889,2018:02:17:15:33:14.373,14969.485
887,2018:02:17:18:49:49.713,2018:02:17:23:06:34.329,15404.616
888,2018:02:18:02:16:03.824,2018:02:18:06:39:17.081,15793.257
889,2018:02:18:09:42:24.684,2018:02:18:14:11:22.196,16137.513
890,2018:02:18:17:08:56.613,2018:02:18:21:42:51.911,16435.297
891,2018:02:19:00:35:37.038,2018:02:19:05:13:49.539,16692.501
892,2018:02:19:08:02:29.853,2018:02:19:12:44:16.038,16906.185
893,2018:02:19:15:29:33.533,2018:02:19:20:14:13.954,17080.422
894,2018:02:19:22:56:51.460,2018:02:20:03:43:45.456,17213.996
895,2018:02:20:06:24:22.410,2018:02:20:11:12:52.750,17310.340
896,2018:02:20:13:52:10.878,2018:02:20:18:41:37.871,17366.993
897,2018:02:20:21:20:15.324,2018:02:21:02:10:02.238,17386.914
898,2018:02:21:04:48:39.400,2018:02:21:09:38:06.692,17367.292
899,2018:02:21:12:17:24.675,2018:02:21:17:05:55.273,17310.598
900,2018:02:21:19:46:33.053,2018:02:22:00:33:28.146,17215.093
901,2018:02:22:03:16:05.254,2018:02:22:08:00:45.499,17080.245
902,2018:02:22:10:46:04.805,2018:02:22:15:27:51.094,16906.289
903,2018:02:22:18:16:33.905,2018:02:22:22:54:43.227,16689.322
904,2018:02:23:01:47:33.643,2018:02:23:06:21:25.771,16432.127
905,2018:02:23:09:19:08.041,2018:02:23:13:47:56.971,16128.929
906,2018:02:23:16:51:19.088,2018:02:23:21:14:19.214,15780.125
907,2018:02:24:00:24:07.926,2018:02:24:04:40:34.125,15386.199
908,2018:02:24:07:57:36.416,2018:02:24:12:06:39.502,14943.086
909,2018:02:24:15:31:44.870,2018:02:24:19:32:39.157,14454.287
910,2018:02:24:23:06:36.142,2018:02:25:02:58:31.661,13915.519
911,2018:02:25:06:42:06.839,2018:02:25:10:24:17.270,13330.431
912,2018:02:25:14:18:16.852,2018:02:25:17:49:57.497,12700.645
913,2018:02:25:21:55:02.814,2018:02:26:01:15:33.451,12030.636
914,2018:02:26:05:32:19.797,2018:02:26:08:41:03.851,11324.055
915,2018:02:26:13:10:01.524,2018:02:26:16:06:28.606,10587.082
916,2018:02:26:20:48:00.776,2018:02:26:23:31:49.815,9829.039
917,2018:02:27:04:26:09.102,2018:02:27:06:57:07.507,9058.404
918,2018:02:27:12:04:17.473,2018:02:27:14:22:20.810,8283.337
919,2018:02:27:19:42:14.474,2018:02:27:21:47:29.928,7515.455
920,2018:02:28:03:19:51.241,2018:02:28:05:12:34.902,6763.661
921,2018:02:28:10:56:59.621,2018:02:28:12:37:36.846,6037.225
922,2018:02:28:18:33:32.419,2018:02:28:20:02:35.047,5342.628
923,2018:03:01:02:09:24.090,2018:03:01:03:27:29.415,4685.325
924,2018:03:01:09:44:31.265,2018:03:01:10:52:19.738,4068.473
925,2018:03:01:17:18:52.999,2018:03:01:18:17:05.456,3492.457
926,2018:03:02:00:52:29.082,2018:03:02:01:41:44.556,2955.474
927,2018:03:02:08:25:21.939,2018:03:02:09:06:17.957,2456.019

